PROVIDER_NUMBER,FYB,FYE,STATUS,C000001_20000_00500,C000001_20000_00600,C000001_20000_00700
010001,01-OCT-15,30-SEP-16,As Submitted,248917319,797455884,719901053
010005,01-OCT-15,30-SEP-16,As Submitted,117400193,116809860,301037435
010007,01-OCT-15,30-SEP-16,As Submitted,14348517,17301238,28459816
010016,03-OCT-15,31-DEC-15,As Submitted,33872217,137740875,86772512
010018,01-OCT-15,30-SEP-16,As Submitted,32409047,1192349,123310607
010019,01-OCT-15,30-SEP-16,As Submitted,74509968,128701234,256391887
010021,01-OCT-15,30-SEP-16,As Submitted,25328791,24961009,62698663
010029,01-OCT-15,30-SEP-16,As Submitted,264065276,262583009,423413242
010032,01-OCT-15,30-SEP-16,As Submitted,7677531,4522419,19349235
010033,01-OCT-15,30-SEP-16,As Submitted,1221201056,3623616462,2374644104
010034,01-OCT-15,30-SEP-16,As Submitted,16305686,14967422,25347001
010040,01-OCT-15,30-SEP-16,As Submitted,167545305,1356926878,1004574040
010044,01-OCT-15,30-SEP-16,As Submitted,22117969,21655686,43802488
010045,01-OCT-15,30-SEP-16,As Submitted,24983795,27489230,51390420
010051,01-OCT-15,30-SEP-16,As Submitted,9833616,6770578,6471889
010055,01-OCT-15,30-SEP-16,As Submitted,168616725,711231268,879200155
010058,01-OCT-15,30-SEP-16,As Submitted,17060591,14508481,13268193
010059,01-OCT-15,30-SEP-16,As Submitted,14483771,7650619,31886028
010061,01-OCT-15,30-SEP-16,As Submitted,50666607,50361616,73853329
010062,01-OCT-15,30-SEP-16,As Submitted,20582772,23953615,29664249
010069,01-OCT-15,30-SEP-16,As Submitted,14454974,21577417,40117071
010079,01-JAN-16,30-JUN-16,As Submitted,25453150,40160197,88723694
010083,01-OCT-15,30-SEP-16,As Submitted,80958553,373397558,596186856
010087,01-OCT-15,30-SEP-16,As Submitted,142885092,213768871,176644542
010089,03-OCT-15,31-DEC-15,As Submitted,20736774,46553796,53314622
010092,01-OCT-15,30-SEP-16,As Submitted,434453498,1024165041,906559252
010095,01-OCT-15,30-SEP-16,As Submitted,8437219,3148545,13613037
010099,01-OCT-15,30-SEP-16,As Submitted,26185053,17081741,58357571
010102,01-OCT-15,30-SEP-16,As Submitted,4533214,1158544,7642999
010103,03-OCT-15,31-DEC-15,As Submitted,48818241,219702798,117120261
010109,01-OCT-15,30-SEP-16,As Submitted,13754477,6410802,23868657
010112,01-OCT-15,30-SEP-16,As Submitted,20709373,20826978,36583864
010120,01-OCT-15,30-SEP-16,As Submitted,20835537,12802273,72481791
010146,01-OCT-15,30-SEP-16,As Submitted,15621893,27157235,86832532
010169,01-OCT-15,30-SEP-16,As Submitted,16370049,21114706,54064166
011300,01-OCT-15,30-SEP-16,As Submitted,12007006,9979681,6638991
011302,01-OCT-15,30-SEP-16,As Submitted,,7712983,17438181
013301,01-OCT-15,30-SEP-16,As Submitted,,181961231,50308701
014012,01-OCT-15,30-SEP-16,As Submitted,18171292,18822982,39336
014017,01-OCT-15,30-SEP-16,As Submitted,10148625,3504478,
020027,01-OCT-15,04-NOV-15,As Submitted,4027219,4280,85690
021308,01-OCT-15,30-SEP-16,As Submitted,64863355,26785205,49609601
021309,01-OCT-15,30-SEP-16,As Submitted,,7887,109420
021310,01-OCT-15,30-SEP-16,As Submitted,,15250,183600
021312,01-OCT-15,30-SEP-16,As Submitted,,4352,78386
021314,05-NOV-15,30-SEP-16,As Submitted,,42600,778658
030013,01-OCT-15,30-SEP-16,As Submitted,366001462,704809322,788333045
030083,01-OCT-15,30-SEP-16,As Submitted,85646805,214260913,205056628
030085,01-OCT-15,30-SEP-16,As Submitted,240528709,1026719766,1017830383
030114,01-OCT-15,30-SEP-16,As Submitted,84493551,338740706,366644427
030118,01-JAN-16,31-JUL-16,As Submitted,45467528,74054888,144541348
031308,01-OCT-15,30-SEP-16,As Submitted,,1716,747681
031309,01-OCT-15,30-SEP-16,As Submitted,,5698360,24951601
031311,01-OCT-15,30-SEP-16,As Submitted,,35331911,67840332
031317,01-OCT-15,30-SEP-16,As Submitted,,21053452,46474420
033036,01-JAN-16,31-MAY-16,As Submitted,5542696,10874711,620448
040014,01-OCT-15,30-SEP-16,As Submitted,163666493,275983738,399588651
040019,01-OCT-15,30-SEP-16,As Submitted,23504156,66895599,94030437
040020,01-OCT-15,30-SEP-16,As Submitted,253485196,294909959,355120937
040055,01-OCT-15,30-SEP-16,As Submitted,222714064,766088380,846316477
040067,01-OCT-15,30-SEP-16,As Submitted,23191950,14224071,31364238
040118,01-OCT-15,30-SEP-16,As Submitted,147369729,376332421,410768890
040119,01-OCT-15,30-SEP-16,As Submitted,133123066,214896338,342811507
040134,01-OCT-15,30-SEP-16,As Submitted,139544626,217857040,313058889
040152,01-JAN-16,31-MAR-16,As Submitted,7683370,8391317,12993484
040153,01-OCT-15,30-SEP-16,As Submitted,13634699,22201119,41709723
041307,01-OCT-15,30-SEP-16,As Submitted,,3724335,16705619
041310,01-OCT-15,30-SEP-16,As Submitted,,12989342,32543900
041311,01-OCT-15,30-SEP-16,As Submitted,,6845195,38316736
041319,01-OCT-15,30-SEP-16,As Submitted,10164031,8117141,14606019
041323,01-OCT-15,30-SEP-16,As Submitted,26780458,15225574,39894218
041327,01-OCT-15,30-SEP-16,As Submitted,19213368,11720999,28564230
042011,01-OCT-15,30-SEP-16,As Submitted,6979017,27287861,
043034,01-NOV-15,31-OCT-16,As Submitted,3393403,5128093,
050002,01-OCT-15,30-SEP-16,As Submitted,127058547,478063463,183944936
050007,01-JAN-16,31-JUL-16,As Submitted,258169058,483298619,432706540
050026,01-OCT-15,30-SEP-16,As Submitted,633284532,2099011761,1510630731
050077,01-OCT-15,30-SEP-16,As Submitted,564353701,2327844132,788878104
050100,01-OCT-15,30-SEP-16,As Submitted,816635053,2743967713,1793258836
050146,01-OCT-15,30-SEP-16,As Submitted,,1509936328,1681392053
050189,01-OCT-15,30-SEP-16,As Submitted,60317064,77525356,129987966
050222,01-OCT-15,30-SEP-16,As Submitted,335018329,1208358423,668876979
050234,01-OCT-15,30-SEP-16,As Submitted,85994211,185356532,135370140
050272,01-OCT-15,30-SEP-16,As Submitted,193631342,703391896,527301404
050324,01-OCT-15,30-SEP-16,As Submitted,502074228,1904886802,748626072
050424,01-OCT-15,30-SEP-16,As Submitted,283863708,1055846019,561094924
050488,01-JAN-16,31-MAY-16,As Submitted,118019073,308203530,192048666
050503,01-OCT-15,30-SEP-16,As Submitted,220517041,766907928,310269964
050624,01-OCT-15,30-SEP-16,As Submitted,288502570,827029961,586814396
050714,01-JAN-16,31-JUL-16,As Submitted,34566167,34401376,65893393
050740,01-JAN-16,30-JUN-16,As Submitted,53483703,141873176,71763470
050744,01-APR-16,31-AUG-16,As Submitted,30463544,76968621,39556372
050745,01-APR-16,31-AUG-16,As Submitted,20168865,69036491,23488329
050746,01-APR-16,31-AUG-16,As Submitted,67675869,279516326,115654418
050747,01-APR-16,31-AUG-16,As Submitted,24980273,87576205,43271757
050754,01-JAN-16,31-JUL-16,As Submitted,7923558,6068065,22100997
050781,17-DEC-15,30-JUN-16,As Submitted,16699017,36079901,7960802
053300,01-OCT-15,30-SEP-16,As Submitted,,1039874026,519195844
054145,01-OCT-15,30-SEP-16,As Submitted,70240564,229654901,132272163
060034,01-OCT-15,30-SEP-16,As Submitted,368288096,2055162246,1294506858
060049,01-OCT-15,30-SEP-16,As Submitted,72525492,44364696,84677472
060054,01-MAY-16,31-DEC-16,As Submitted,55946603,61819126,126237545
062011,01-OCT-15,30-SEP-16,As Submitted,83513877,154451885,13286475
062015,01-OCT-15,31-MAY-16,As Submitted,7163795,23415897,
062016,01-FEB-16,31-MAY-16,As Submitted,3026318,9490201,
064025,01-JAN-16,01-FEB-16,As Submitted,505492,344400,
070002,01-OCT-15,30-SEP-16,As Submitted,633871467,1244252254,1000524940
070004,01-OCT-15,30-SEP-16,As Submitted,46834039,49918841,92732765
070005,01-OCT-15,30-SEP-16,As Submitted,180367059,501559788,404561657
070006,01-OCT-15,30-SEP-16,As Submitted,374193216,660809502,1292287846
070007,01-OCT-15,30-SEP-16,As Submitted,320262532,299306701,544544497
070008,01-OCT-15,30-DEC-15,As Submitted,17161212,14147414,27365818
070008,31-DEC-15,30-SEP-16,As Submitted,48854919,41537380,81799777
070010,01-OCT-15,30-SEP-16,As Submitted,391938283,851452842,820427388
070011,01-OCT-15,30-SEP-16,As Submitted,111551641,92463729,166373528
070012,01-OCT-15,30-SEP-16,As Submitted,73638927,97632050,154480517
070016,01-OCT-15,30-SEP-16,As Submitted,227050702,310561655,505242783
070017,01-OCT-15,30-SEP-16,As Submitted,192593763,218249541,321426121
070018,01-OCT-15,30-SEP-16,As Submitted,302901782,462478337,675259273
070019,01-OCT-15,30-SEP-16,As Submitted,61789520,102902552,86150510
070021,01-OCT-15,30-SEP-16,As Submitted,78624277,36886055,132625681
070022,01-OCT-15,30-SEP-16,As Submitted,2308006226,4658977245,4170539299
070024,01-OCT-15,30-SEP-16,As Submitted,259115111,236259684,506203983
070025,01-OCT-15,30-SEP-16,As Submitted,858807530,1684291484,981309280
070027,01-OCT-15,30-SEP-16,As Submitted,160233962,257195687,414500099
070028,01-OCT-15,30-SEP-16,As Submitted,397255277,803280913,547872056
070031,01-OCT-15,30-SEP-16,As Submitted,133489891,234702124,304906759
070033,01-OCT-15,30-SEP-16,As Submitted,502521771,689795145,837767846
070034,01-OCT-15,30-SEP-16,As Submitted,304344163,451315712,494570515
070035,01-OCT-15,30-SEP-16,As Submitted,329161072,365869748,480418258
070039,01-OCT-15,30-SEP-16,As Submitted,65630314,92604808,2909537
072003,01-OCT-15,30-SEP-16,As Submitted,67317357,154152844,22435685
073025,01-OCT-15,30-SEP-16,As Submitted,38323479,44491006,74835826
073300,01-OCT-15,30-SEP-16,As Submitted,,423161297,303821874
083026,01-OCT-15,30-SEP-16,Amended,13566280,22822617,
090008,01-OCT-15,30-SEP-16,As Submitted,101783045,154780681,146283198
100002,01-OCT-15,30-SEP-16,As Submitted,308763133,1020617167,657465523
100006,01-OCT-15,30-SEP-16,As Submitted,1450421036,5198350798,3668560197
100008,01-OCT-15,30-SEP-16,As Submitted,829002862,2347130239,1358831819
100012,01-OCT-15,30-SEP-16,As Submitted,709194994,2033252090,1441282523
100014,01-OCT-15,31-MAR-16,As Submitted,45610352,65924701,90555766
100017,01-OCT-15,30-SEP-16,As Submitted,385481455,890031303,686691783
100018,01-OCT-15,30-SEP-16,As Submitted,413918902,1100425054,876389516
100019,01-OCT-15,30-SEP-16,As Submitted,515542623,1494498145,747578681
100022,01-OCT-15,30-SEP-16,As Submitted,1510171669,3713615427,1297553014
100028,01-OCT-15,30-SEP-16,As Submitted,139633615,236996207,366498036
100030,01-OCT-15,30-SEP-16,As Submitted,153199767,516889390,394272072
100032,01-OCT-15,30-SEP-16,As Submitted,227486347,1422606854,512203576
100044,01-OCT-15,30-SEP-16,As Submitted,406620237,1325698031,1244450643
100047,01-OCT-15,30-SEP-16,As Submitted,56253810,325138999,200981968
100048,01-OCT-15,30-SEP-16,As Submitted,10714020,13058101,37687681
100049,01-OCT-15,30-SEP-16,As Submitted,48881173,183063019,233711784
100051,01-OCT-15,30-SEP-16,As Submitted,138951927,475571373,505376361
100062,01-OCT-15,30-SEP-16,As Submitted,244763195,984241940,735023268
100071,01-OCT-15,30-SEP-16,As Submitted,106736784,819698451,682920151
100081,01-OCT-15,30-SEP-16,As Submitted,9118488,9025835,21257715
100087,01-OCT-15,30-SEP-16,As Submitted,566639323,1736300439,1242391067
100088,01-OCT-15,30-SEP-16,As Submitted,897163468,2603099633,1819663264
100090,01-OCT-15,30-SEP-16,As Submitted,226206545,627308087,416614031
100092,01-OCT-15,30-SEP-16,As Submitted,153090798,725174165,654931906
100093,01-OCT-15,30-SEP-16,As Submitted,254151481,766123236,847069908
100105,01-OCT-15,30-SEP-16,As Submitted,205742909,309519076,248082972
100107,01-JAN-16,31-JAN-16,As Submitted,3194064,10925287,19042770
100117,01-OCT-15,30-SEP-16,As Submitted,105257618,287696988,291436889
100121,01-OCT-15,31-DEC-15,As Submitted,10320315,32354738,46932751
100125,01-OCT-15,30-SEP-16,As Submitted,203200894,481836293,491367737
100126,01-OCT-15,30-SEP-16,As Submitted,82347789,587016108,314334866
100128,01-OCT-15,30-SEP-16,As Submitted,1024027706,4152381074,1930168285
100130,01-OCT-15,30-SEP-16,As Submitted,38451564,61671197,65678458
100134,01-OCT-15,30-SEP-16,As Submitted,26615258,9665993,57209543
100135,01-OCT-15,30-SEP-16,As Submitted,548864123,1226855398,1148163585
100140,01-OCT-15,30-SEP-16,As Submitted,54049155,117535979,169482928
100142,01-OCT-15,30-SEP-16,As Submitted,38073945,39374353,83876761
100150,01-OCT-15,30-SEP-16,As Submitted,59078816,199938987,207157808
100154,01-OCT-15,30-SEP-16,As Submitted,477593719,1056384297,900559975
100157,01-OCT-15,30-SEP-16,As Submitted,588077480,1904966287,1642873457
100175,01-OCT-15,30-SEP-16,As Submitted,31105681,20018881,73959538
100177,01-OCT-15,30-SEP-16,As Submitted,145793180,264345871,343994589
100211,01-OCT-15,30-SEP-16,As Submitted,32301402,184824980,233636201
100217,01-OCT-15,30-SEP-16,As Submitted,79669857,451678994,514219800
100220,01-OCT-15,30-SEP-16,As Submitted,325613514,1135973797,540180527
100238,01-OCT-15,30-SEP-16,As Submitted,140015201,1125718605,547808682
100244,01-OCT-15,30-SEP-16,As Submitted,198280435,638103818,431286227
100246,01-OCT-15,30-SEP-16,As Submitted,233210758,1935447291,686396894
100249,01-JUN-16,30-SEP-16,As Submitted,23338534,130756264,95632973
100253,01-OCT-15,30-SEP-16,As Submitted,182529939,423144671,463161571
100260,01-OCT-15,30-SEP-16,As Submitted,143778437,1053932214,428775652
100266,01-OCT-15,30-SEP-16,As Submitted,75535568,175338992,359397868
100286,01-OCT-15,30-SEP-16,As Submitted,182780482,763544864,797057700
100291,01-OCT-15,30-SEP-16,As Submitted,67558705,296642735,325934716
100296,01-OCT-15,30-SEP-16,As Submitted,167959320,405854094,330071883
100314,01-OCT-15,30-SEP-16,As Submitted,196764454,455317095,487920754
100315,01-OCT-15,30-SEP-16,As Submitted,106932852,186314262,242422933
100316,01-OCT-15,30-SEP-16,As Submitted,106997575,228956853,284537735
101305,01-OCT-15,30-SEP-16,As Submitted,,1817062,8582565
101307,01-OCT-15,30-SEP-16,As Submitted,,8349629,20422026
101309,01-OCT-15,30-SEP-16,As Submitted,,6595081,60316511
101311,01-OCT-15,30-SEP-16,As Submitted,,9383956,12910746
101313,01-OCT-15,30-SEP-16,As Submitted,,19778946,138200497
101993,01-OCT-15,30-SEP-16,As Submitted,,1128971,
102024,01-OCT-15,30-SEP-16,As Submitted,28053415,99987541,
102030,01-DEC-15,30-NOV-16,As Submitted,13438941,48024200,
102032,01-APR-16,31-AUG-16,As Submitted,5351422,11829432,
103026,01-OCT-15,30-SEP-16,As Submitted,37737234,65082775,1972087
103027,01-OCT-15,30-SEP-16,As Submitted,25765430,45509392,505864
104008,01-OCT-15,30-SEP-16,As Submitted,15785060,11820244,12087925
104057,01-OCT-15,30-SEP-16,As Submitted,10222657,35320500,4768170
104073,01-NOV-15,31-OCT-16,As Submitted,11062911,48769400,4499915
104078,01-NOV-15,31-OCT-16,As Submitted,6484439,16659600,809040
110004,01-OCT-15,12-MAY-16,As Submitted,52241932,85702024,128488005
110005,01-OCT-15,30-SEP-16,As Submitted,352053912,777612844,878551971
110008,01-OCT-15,30-SEP-16,As Submitted,172542674,338662282,523374065
110016,01-OCT-15,30-JUN-16,Amended,108991203,145560109,224703325
110018,01-JAN-16,30-JUN-16,As Submitted,40930762,49823336,99711785
110030,01-OCT-15,30-SEP-16,As Submitted,101262633,461386003,554092774
110031,01-JAN-16,31-MAR-16,As Submitted,25735155,109312386,94243255
110031,01-APR-16,30-JUN-16,Amended,30390264,105679348,92078254
110032,01-OCT-15,30-SEP-16,As Submitted,39595608,32550782,63216231
110038,01-OCT-15,30-SEP-16,As Submitted,211617722,339320729,443686051
110039,01-OCT-15,30-SEP-16,As Submitted,57916347,145338505,184994998
110046,01-OCT-15,30-SEP-16,As Submitted,47377707,106101407,245322277
110074,01-OCT-15,30-SEP-16,As Submitted,352304937,837389654,642794576
110075,01-OCT-15,30-SEP-16,As Submitted,105597955,359535369,531294080
110091,01-OCT-15,30-SEP-16,As Submitted,117600462,314057553,372604558
110092,01-OCT-15,30-SEP-16,As Submitted,18387139,19450011,43930190
110115,01-JAN-16,31-MAR-16,As Submitted,78021017,391436967,187260859
110115,01-APR-16,30-JUN-16,Amended,87106980,377952202,184717267
110121,01-OCT-15,30-SEP-16,As Submitted,20666059,24140748,43064235
110142,01-OCT-15,30-SEP-16,As Submitted,11890065,8537616,35635192
110150,01-OCT-15,30-SEP-16,As Submitted,51048693,56469016,104636540
110161,01-OCT-15,30-SEP-16,As Submitted,1075685878,1900632196,3362180999
110198,01-JAN-16,31-MAR-16,As Submitted,36370882,149278372,108001460
110198,01-APR-16,30-JUN-16,As Submitted,39848232,143601624,106722385
110234,01-OCT-15,30-SEP-16,As Submitted,8017058,7480510,11001629
111303,01-OCT-15,30-SEP-16,As Submitted,9676424,5620778,6684065
111310,01-OCT-15,30-SEP-16,As Submitted,,14255206,39719912
111313,01-OCT-15,30-SEP-16,As Submitted,,5520197,16531990
111314,01-OCT-15,30-SEP-16,As Submitted,19612405,11865868,17382593
111318,01-OCT-15,30-SEP-16,As Submitted,,4471083,13882186
111319,01-JAN-16,31-MAR-16,As Submitted,,3070005,9034616
111319,01-APR-16,30-JUN-16,Amended,,3293794,9336446
111326,01-OCT-15,30-SEP-16,As Submitted,13579628,9715377,9132740
111331,01-OCT-15,30-SEP-16,As Submitted,26362095,24828159,28995196
111332,01-OCT-15,30-SEP-16,As Submitted,,12046412,17375636
111333,01-OCT-15,30-SEP-16,As Submitted,,7926785,21383536
113029,01-OCT-15,30-SEP-16,As Submitted,13941558,31803990,4846108
113032,01-OCT-15,30-SEP-16,As Submitted,12888199,22628659,
123025,01-OCT-15,30-SEP-16,As Submitted,41502081,52746666,7446676
130006,01-OCT-15,30-SEP-16,As Submitted,1062697821,1171118588,1443147124
130014,01-OCT-15,30-SEP-16,As Submitted,76709177,175650326,217569437
130018,01-OCT-15,30-SEP-16,As Submitted,187016269,613579069,385314101
130025,01-OCT-15,30-SEP-16,As Submitted,55759839,30694982,69355182
131302,01-OCT-15,30-SEP-16,As Submitted,,9409335,21140543
131304,01-OCT-15,30-SEP-16,As Submitted,6869518,3034255,4206952
131305,01-OCT-15,30-SEP-16,As Submitted,,7957189,26691779
131308,01-OCT-15,30-SEP-16,As Submitted,,183896,2572588
131310,01-OCT-15,30-SEP-16,As Submitted,,7500654,16539916
131311,01-OCT-15,30-SEP-16,As Submitted,27573491,10496406,35211254
131312,01-OCT-15,30-SEP-16,As Submitted,,11329919,32221467
131313,01-OCT-15,30-SEP-16,As Submitted,,2515104,17647722
131315,01-OCT-15,30-SEP-16,Amended,,3853289,14785156
131319,01-OCT-15,30-SEP-16,As Submitted,25019997,13534813,26430008
131322,01-OCT-15,30-SEP-16,As Submitted,17770665,12646933,14892172
131323,01-OCT-15,30-SEP-16,As Submitted,,27077407,67513512
131324,01-OCT-15,30-SEP-16,As Submitted,,732410,6150692
132001,01-OCT-15,30-SEP-16,As Submitted,14184860,31337322,
133027,01-JAN-16,31-MAY-16,As Submitted,4050080,6854522,
134002,01-OCT-15,30-SEP-16,As Submitted,15597911,82631000,5364250
134015,11-FEB-16,26-AUG-16,As Submitted,1846391,980193,
140052,01-OCT-15,30-SEP-16,As Submitted,71616279,118446551,232460014
140054,01-OCT-15,30-SEP-16,As Submitted,210784736,512926830,711154056
140058,01-OCT-15,30-SEP-16,As Submitted,80186996,103494445,225555544
140064,01-OCT-15,30-SEP-16,As Submitted,54907770,112337795,232345393
140067,01-OCT-15,30-SEP-16,As Submitted,676541076,2297358094,1631426058
140110,01-OCT-15,30-SEP-16,As Submitted,77136938,88920645,239298831
140114,01-OCT-15,30-SEP-16,As Submitted,222933850,682650359,655001904
140135,01-OCT-15,30-SEP-16,As Submitted,181059453,269064953,487809573
140147,01-OCT-15,30-SEP-16,As Submitted,39809127,36453600,112669349
140148,01-OCT-15,30-SEP-16,As Submitted,525699250,1141241932,1026153615
140161,01-OCT-15,30-SEP-16,As Submitted,35794907,51879658,136501500
140162,01-OCT-15,30-SEP-16,As Submitted,105812157,298082388,316255316
140197,01-OCT-15,30-SEP-16,As Submitted,37701397,40358558,17238264
140206,01-OCT-15,30-SEP-16,As Submitted,91823163,176459443,135199067
140213,01-OCT-15,30-SEP-16,As Submitted,321770586,576103612,630504805
140233,01-OCT-15,30-SEP-16,As Submitted,272102797,642470879,681247442
140252,01-OCT-15,30-SEP-16,As Submitted,412249714,725392767,934551414
140286,01-MAY-16,31-AUG-16,As Submitted,48226264,75134106,102339391
141302,01-OCT-15,30-SEP-16,As Submitted,20258768,7733402,18634618
141310,01-OCT-15,30-SEP-16,As Submitted,,9521931,57840716
141313,01-OCT-15,30-SEP-16,As Submitted,,3618320,33489339
141315,01-OCT-15,30-SEP-16,As Submitted,20661836,6257338,45050794
141317,01-OCT-15,30-SEP-16,As Submitted,66728636,44145039,123931152
141318,01-OCT-15,30-SEP-16,As Submitted,,7309266,57240970
141322,01-OCT-15,30-SEP-16,As Submitted,,15551467,91928124
141325,01-OCT-15,30-SEP-16,As Submitted,,5357149,59987636
141339,01-OCT-15,30-SEP-16,As Submitted,,17610648,73999949
141340,01-MAY-16,31-AUG-16,As Submitted,,6604179,24271538
150006,01-JAN-16,29-FEB-16,As Submitted,23324426,35788423,46172334
150044,01-JAN-16,30-SEP-16,As Submitted,189488755,329579852,448765105
150045,01-OCT-15,30-SEP-16,As Submitted,45025065,42461977,100380809
150064,01-OCT-15,30-SEP-16,As Submitted,37133123,17914823,84950913
150074,01-JAN-16,31-DEC-16,As Submitted,621425737,698566340,1310899930
150075,01-OCT-15,30-SEP-16,As Submitted,28703900,63223132,107857311
150082,01-OCT-15,30-SEP-16,As Submitted,486493559,910272172,1025252240
150102,01-JAN-16,29-FEB-16,As Submitted,4509827,2155610,11393492
150175,01-OCT-15,30-SEP-16,As Submitted,42737156,100220078,76000433
150183,02-NOV-15,31-DEC-15,As Submitted,5161364,6787844,9940542
151315,01-OCT-15,30-SEP-16,As Submitted,,16659401,91123579
151319,01-OCT-15,30-SEP-16,As Submitted,,7175828,40820584
151320,01-OCT-15,30-SEP-16,As Submitted,28805357,19290304,70444635
152027,01-NOV-15,31-OCT-16,As Submitted,12074078,29599816,
153030,01-OCT-15,30-SEP-16,As Submitted,9424220,32682319,12730
160001,01-NOV-15,31-DEC-15,As Submitted,11926731,7514629,16738935
160008,01-OCT-15,30-SEP-16,As Submitted,18792796,11681601,33515362
160122,01-OCT-15,30-SEP-16,As Submitted,44841846,24798692,112475524
161324,01-OCT-15,30-SEP-16,As Submitted,,5472512,13536012
170012,01-OCT-15,30-SEP-16,As Submitted,129376167,276520685,247727814
170027,01-OCT-15,30-SEP-16,As Submitted,37191626,26144444,49478201
170075,01-OCT-15,30-SEP-16,As Submitted,3552915,2196687,1539069
170086,01-OCT-15,30-SEP-16,As Submitted,347721768,873969940,744864656
170122,01-OCT-15,30-SEP-16,As Submitted,464703973,1474423278,725139713
170145,01-JAN-16,31-DEC-16,As Submitted,36055115,34004966,66715878
170150,01-JAN-16,31-DEC-16,As Submitted,18337634,9213174,20965985
171301,01-OCT-15,30-SEP-16,As Submitted,,1509655,2594782
171302,01-OCT-15,30-SEP-16,As Submitted,,2604818,5005367
171318,01-OCT-15,30-SEP-16,As Submitted,,2204538,3401817
171320,01-OCT-15,30-SEP-16,As Submitted,,2730424,8054921
171328,01-OCT-15,30-SEP-16,As Submitted,,2688758,1442413
171337,01-OCT-15,30-SEP-16,As Submitted,,3129797,19260246
171339,01-OCT-15,30-SEP-16,As Submitted,,4881624,12391750
171349,01-OCT-15,30-SEP-16,As Submitted,,5572632,18753386
171356,01-OCT-15,30-SEP-16,As Submitted,,2701180,10928443
171357,01-OCT-15,30-SEP-16,As Submitted,,2719265,7539616
171358,01-OCT-15,30-SEP-16,As Submitted,,4079577,8851073
171361,01-OCT-15,30-SEP-16,As Submitted,14256185,7512278,7771483
171382,01-OCT-15,30-SEP-16,As Submitted,,21322763,67695271
173028,01-OCT-15,30-SEP-16,As Submitted,24739651,23104646,26252875
174020,05-NOV-15,31-DEC-15,Settled,1387022,1948088,336667
180009,01-OCT-15,30-SEP-16,As Submitted,304065107,443633788,759596094
180017,01-OCT-15,30-SEP-16,As Submitted,130749924,130110048,271874019
180024,01-OCT-15,30-SEP-16,As Submitted,23727384,31790514,115960472
180027,01-OCT-15,30-SEP-16,As Submitted,83320918,112133013,160696083
180035,01-JAN-16,31-DEC-16,As Submitted,512953910,927415462,887203361
180043,01-OCT-15,30-SEP-16,As Submitted,43680146,44537893,129849587
180044,01-OCT-15,30-SEP-16,As Submitted,312433535,1105707358,1054021498
180048,01-OCT-15,30-SEP-16,As Submitted,139274173,177480372,295685822
180078,01-OCT-15,30-SEP-16,As Submitted,31188166,140365595,288257129
180079,01-OCT-15,30-SEP-16,Amended,39869069,20324086,96834888
180095,01-OCT-15,30-SEP-16,As Submitted,12610019,10680528,25801847
180124,01-OCT-15,30-SEP-16,As Submitted,75892975,196434964,324208033
180149,11-FEB-16,30-SEP-16,As Submitted,5387693,1584136,11099283
180152,01-FEB-16,31-MAR-16,As Submitted,492312,891601,
180153,01-FEB-16,31-MAR-16,As Submitted,529931,1242670,
181302,01-OCT-15,30-SEP-16,As Submitted,18217138,8284145,45931746
181314,01-JAN-16,31-MAR-16,As Submitted,,966924,5920494
181315,01-OCT-15,30-SEP-16,As Submitted,,7676512,35219709
181323,01-OCT-15,30-SEP-16,As Submitted,,7862908,60702067
181328,01-DEC-15,30-JUN-16,As Submitted,,12192982,25355245
190002,01-OCT-15,30-SEP-16,As Submitted,358367676,1177850422,746516982
190011,01-OCT-15,30-SEP-16,As Submitted,92977093,173572733,205472370
190039,01-OCT-15,31-DEC-15,As Submitted,55328449,99815714,111131190
190044,01-OCT-15,30-SEP-16,As Submitted,37917856,41556571,84784584
190054,01-OCT-15,30-SEP-16,As Submitted,58100819,145913587,217138184
190065,01-OCT-15,30-SEP-16,As Submitted,293273426,455609917,464861195
190086,01-OCT-15,30-SEP-16,As Submitted,50798877,208861231,187197086
190098,01-OCT-15,30-SEP-16,As Submitted,386796598,546583621,432559701
190111,01-OCT-15,30-SEP-16,As Submitted,577553564,1223335025,1085913240
190118,01-OCT-15,30-SEP-16,As Submitted,17669122,6808221,39125566
190128,01-OCT-15,30-SEP-16,As Submitted,208001458,270649601,200105645
190145,01-OCT-15,30-SEP-16,As Submitted,15136806,8898570,28432620
190151,01-OCT-15,30-SEP-16,As Submitted,16354039,7672919,35312758
190167,01-OCT-15,30-SEP-16,As Submitted,52554224,118259222,218432233
190202,01-OCT-15,30-SEP-16,As Submitted,158837453,210290164,483537317
190236,01-OCT-15,30-SEP-16,As Submitted,104959262,232927686,290724310
191302,01-OCT-15,30-SEP-16,As Submitted,,13643579,36542281
191309,01-OCT-15,30-SEP-16,As Submitted,,8320696,16464248
191310,01-OCT-15,30-SEP-16,As Submitted,,8959927,23548041
191315,01-OCT-15,30-SEP-16,As Submitted,25312996,32067855,39854957
191317,01-OCT-15,30-SEP-16,As Submitted,,4272230,19202681
191318,01-OCT-15,30-SEP-16,As Submitted,,14789968,37401475
191322,01-OCT-15,30-SEP-16,As Submitted,12873638,10304517,9949885
191323,01-OCT-15,30-SEP-16,As Submitted,,4530982,20099275
192007,01-OCT-15,31-AUG-16,As Submitted,6935324,21771367,
193028,01-OCT-15,30-SEP-16,As Submitted,9733797,16614083,7266398
193097,10-MAY-16,31-AUG-16,As Submitted,2064702,2077591,
194103,01-OCT-15,30-SEP-16,As Submitted,14771356,24974300,39613838
194107,01-OCT-15,30-SEP-16,As Submitted,6039929,18489000,
194112,06-OCT-15,31-DEC-15,As Submitted,919804,1152250,
200008,01-OCT-15,30-SEP-16,As Submitted,203086338,166416292,258700344
200009,01-OCT-15,30-SEP-16,As Submitted,815382147,1244348533,720354348
200019,01-OCT-15,30-SEP-16,As Submitted,224475026,154466000,337466434
200021,01-OCT-15,30-SEP-16,As Submitted,132181366,84594133,222886383
200037,01-OCT-15,30-SEP-16,As Submitted,60183153,41590196,94567111
200050,01-JUL-16,30-SEP-16,As Submitted,18868588,12915326,24690012
200063,01-OCT-15,30-SEP-16,As Submitted,106109419,80475212,127076993
201302,01-OCT-15,30-SEP-16,As Submitted,63955454,35472614,77355784
201308,01-OCT-15,30-SEP-16,As Submitted,39764000,18992521,54593260
201309,01-OCT-15,30-SEP-16,As Submitted,,13306544,64010503
201312,01-OCT-15,30-SEP-16,As Submitted,,30883792,98821470
201313,01-OCT-15,30-SEP-16,As Submitted,,10708159,46022459
201315,01-OCT-15,30-SEP-16,As Submitted,,20537141,71833181
204005,01-OCT-15,30-SEP-16,As Submitted,31401374,56753686,2589034
220001,01-OCT-15,30-SEP-16,As Submitted,149015743,159566775,314603950
220002,01-OCT-15,30-SEP-16,As Submitted,278704373,193896024,438507823
220008,01-OCT-15,30-SEP-16,As Submitted,148137367,101022664,198392064
220010,01-OCT-15,30-SEP-16,As Submitted,215106008,200847711,312859833
220012,01-OCT-15,30-SEP-16,As Submitted,407629820,413087599,706193937
220015,01-OCT-15,30-SEP-16,As Submitted,166727601,158480996,255616516
220016,01-OCT-15,30-SEP-16,As Submitted,90423098,72392653,142025778
220019,01-OCT-15,30-SEP-16,As Submitted,101420249,55873523,228741635
220024,01-OCT-15,30-SEP-16,As Submitted,118862013,79951616,210926300
220029,01-OCT-15,30-SEP-16,As Submitted,121398528,76051672,173566678
220031,01-OCT-15,30-SEP-16,As Submitted,1059376360,773316474,1414382435
220033,01-OCT-15,30-SEP-16,As Submitted,313031276,270319412,450207394
220035,01-OCT-15,30-SEP-16,As Submitted,432722070,619599105,797184353
220049,01-OCT-15,30-SEP-16,As Submitted,69409732,77112724,180564158
220050,01-OCT-15,09-SEP-16,As Submitted,23604402,7118589,33906091
220052,01-OCT-15,30-SEP-16,As Submitted,231230826,252539626,404554148
220058,01-OCT-15,30-SEP-16,As Submitted,25706794,27370127,62847359
220062,01-OCT-15,30-SEP-16,As Submitted,29868269,47330521,23725948
220063,01-OCT-15,30-SEP-16,As Submitted,408282253,395706564,692395399
220065,01-OCT-15,30-SEP-16,As Submitted,57875387,53798739,112959437
220070,01-OCT-15,30-SEP-16,As Submitted,239477403,149225524,404548891
220071,01-OCT-15,30-SEP-16,As Submitted,2186332070,4157748077,3894475005
220074,01-OCT-15,30-SEP-16,As Submitted,660909232,838293604,975771863
220075,01-OCT-15,30-SEP-16,As Submitted,186865312,39419146,388865861
220077,01-OCT-15,30-SEP-16,As Submitted,926569496,1010727821,1245473456
220083,01-OCT-15,30-SEP-16,As Submitted,79563511,33062511,146007417
220084,01-OCT-15,30-SEP-16,As Submitted,195614448,145629288,363649962
220086,01-OCT-15,30-SEP-16,As Submitted,1052480349,1213349310,1438740320
220088,01-OCT-15,30-SEP-16,As Submitted,216903030,232936686,154307706
220090,01-OCT-15,30-SEP-16,As Submitted,195036561,124427449,340918440
220095,01-OCT-15,30-SEP-16,As Submitted,90975294,50999353,176548231
220101,01-OCT-15,30-SEP-16,As Submitted,396854106,461124905,760732600
220105,01-OCT-15,30-SEP-16,As Submitted,262305710,149539073,375693574
220108,01-OCT-15,30-SEP-16,As Submitted,92291276,103451662,165699352
220110,01-OCT-15,30-SEP-16,As Submitted,1646144949,3543630445,2486685282
220116,01-OCT-15,30-SEP-16,As Submitted,600324814,760918827,867230914
220119,01-OCT-15,30-SEP-16,As Submitted,214054597,286625402,460242028
220135,01-OCT-15,30-SEP-16,As Submitted,127962035,125870844,219649222
220162,01-OCT-15,30-SEP-16,As Submitted,,103338180,2236941871
220163,01-OCT-15,30-SEP-16,As Submitted,1332878757,2131707042,2282993730
220171,01-OCT-15,30-SEP-16,As Submitted,821329167,626469240,1273005825
220177,01-OCT-15,30-SEP-16,As Submitted,35150008,8485434,49260661
221300,01-OCT-15,30-SEP-16,As Submitted,,19886475,108744676
221302,01-OCT-15,30-SEP-16,As Submitted,,13773382,57448412
221303,01-OCT-15,30-SEP-16,As Submitted,,7650700,49022642
222000,01-OCT-15,30-SEP-16,As Submitted,71004237,164041141,461132
222007,01-OCT-15,30-SEP-16,As Submitted,115458616,173330762,4649855
222047,01-OCT-15,30-SEP-16,As Submitted,26340648,59334428,11532888
222048,01-OCT-15,30-SEP-16,As Submitted,21736697,57117493,5290117
223029,01-OCT-15,30-SEP-16,As Submitted,28968687,57869635,1703424
223032,01-OCT-15,30-SEP-16,As Submitted,40275136,39098106,37160681
223034,01-OCT-15,30-SEP-16,As Submitted,135132477,160113137,133836197
223300,01-OCT-15,30-SEP-16,As Submitted,,46421435,27938933
223302,01-OCT-15,30-SEP-16,As Submitted,,1042047903,808376973
224007,01-OCT-15,30-SEP-16,As Submitted,107288679,204727899,72777254
224039,01-OCT-15,30-SEP-16,As Submitted,19549903,33557751,5428350
224041,20-NOV-15,31-DEC-15,Settled,5448314,6888600,
230021,01-OCT-15,30-SEP-16,As Submitted,314433162,349567454,517249695
230040,01-OCT-15,30-JUN-16,As Submitted,40415199,31699579,83411082
230041,01-OCT-15,30-SEP-16,As Submitted,237264784,479604968,377938924
230078,01-OCT-15,30-SEP-16,As Submitted,32858688,15039582,63993783
230080,01-OCT-15,30-SEP-16,As Submitted,71483848,57688522,177058416
230105,01-OCT-15,30-SEP-16,As Submitted,199137207,262928745,329124171
230118,01-OCT-15,30-SEP-16,As Submitted,31094826,17375583,45296371
230141,01-OCT-15,30-SEP-16,As Submitted,379571471,730778117,673560958
230167,01-OCT-15,30-SEP-16,As Submitted,276353187,387406328,538224412
230193,01-OCT-15,30-SEP-16,As Submitted,98157060,187985515,212212366
230207,01-OCT-15,30-SEP-16,As Submitted,132325210,128732243,243969763
230216,01-OCT-15,30-SEP-16,As Submitted,155761728,240492115,272919161
230227,01-OCT-15,30-SEP-16,As Submitted,260590617,407169826,448749941
230254,01-JAN-16,30-JUN-16,As Submitted,83777945,158080750,123146532
230297,01-OCT-15,30-SEP-16,As Submitted,209244388,167380308,569640552
231307,01-OCT-15,30-SEP-16,As Submitted,,5632245,23853957
231314,01-OCT-15,30-SEP-16,As Submitted,,4351505,26040823
231316,01-OCT-15,30-SEP-16,As Submitted,,7262572,41267354
231322,01-APR-16,30-JUN-16,Amended,,2706517,12237386
231337,01-OCT-15,30-SEP-16,As Submitted,,34579930,197909524
232020,01-OCT-15,30-SEP-16,As Submitted,7108622,19515499,
232026,01-JAN-16,31-DEC-16,As Submitted,8362479,19421063,
232038,01-JAN-16,31-DEC-16,As Submitted,12140136,40866647,
232039,01-OCT-15,30-SEP-16,As Submitted,6246934,13505895,
234025,01-OCT-15,30-SEP-16,As Submitted,51730313,46514831,
234026,01-OCT-15,30-SEP-16,As Submitted,68495333,56565267,
234035,01-OCT-15,30-SEP-16,As Submitted,54777655,56712483,
234041,01-OCT-15,30-SEP-16,As Submitted,83667943,71341680,
240044,01-OCT-15,30-SEP-16,As Submitted,73619698,36323990,90067888
240052,01-OCT-15,30-SEP-16,As Submitted,84248449,70752001,179575077
241305,01-OCT-15,30-SEP-16,As Submitted,,24010975,65100535
241314,01-OCT-15,30-SEP-16,As Submitted,14136894,8520599,12405191
241318,01-OCT-15,30-SEP-16,As Submitted,,3523194,16466868
241320,01-OCT-15,30-SEP-16,As Submitted,46025504,30166686,62114803
241336,01-OCT-15,30-SEP-16,As Submitted,13079203,6235163,10695435
241341,01-OCT-15,30-SEP-16,As Submitted,11874551,5164761,7134175
241342,01-OCT-15,30-SEP-16,As Submitted,23843214,10567788,20591317
241348,01-MAR-16,30-JUN-16,As Submitted,4523806,1556122,4150437
241350,01-OCT-15,30-SEP-16,As Submitted,,14597110,41884916
241364,01-OCT-15,30-SEP-16,As Submitted,43057991,25522697,61624149
241372,01-OCT-15,30-SEP-16,As Submitted,14286360,9417758,12037667
241373,01-OCT-15,30-SEP-16,As Submitted,37942625,21185872,47427261
241376,01-OCT-15,30-SEP-16,As Submitted,,11196943,37790492
241379,01-JAN-16,30-SEP-16,As Submitted,,1249641,13395253
244018,26-APR-16,30-JUN-16,As Submitted,6081092,4341499,4126665
250002,01-OCT-15,30-SEP-16,As Submitted,16138412,14408752,39092600
250006,01-OCT-15,30-SEP-16,As Submitted,47970720,58966971,158499018
250007,01-OCT-15,30-SEP-16,As Submitted,103427190,428739399,561259710
250018,01-OCT-15,30-SEP-16,As Submitted,11678433,10010554,4077530
250019,01-OCT-15,30-SEP-16,As Submitted,374078675,1615545691,1388931379
250020,01-OCT-15,30-SEP-16,As Submitted,21588618,25676440,40443628
250034,01-OCT-15,30-SEP-16,As Submitted,149357418,262448855,402518580
250036,01-OCT-15,30-SEP-16,As Submitted,25800860,13213188,46506826
250043,01-OCT-15,30-SEP-16,As Submitted,38642616,27478381,52064071
250044,01-OCT-15,30-SEP-16,As Submitted,17777645,26925184,45310052
250049,01-OCT-15,29-FEB-16,As Submitted,2141839,1488841,251943
250049,01-MAR-16,30-JUN-16,As Submitted,1782150,1436439,272002
250050,01-OCT-15,30-SEP-16,As Submitted,58111206,48280716,121710459
250057,01-OCT-15,30-SEP-16,As Submitted,61302392,47300065,165258463
250058,01-OCT-15,30-SEP-16,As Submitted,99908513,105141052,171734986
250061,01-OCT-15,30-SEP-16,As Submitted,21459222,15386328,12819364
250067,01-OCT-15,30-SEP-16,As Submitted,29705928,22920697,86916406
250072,01-OCT-15,30-SEP-16,As Submitted,132451846,647463207,581785576
250077,01-OCT-15,30-SEP-16,As Submitted,25684176,19067691,34119399
250081,01-OCT-15,30-SEP-16,As Submitted,24896834,23726995,34268035
250082,01-OCT-15,30-SEP-16,As Submitted,95823530,140059182,164112154
250084,01-OCT-15,30-SEP-16,As Submitted,56972395,200833020,219874471
250085,01-OCT-15,30-SEP-16,As Submitted,17788347,17729191,29735882
250095,01-OCT-15,30-SEP-16,As Submitted,23111949,12913096,28270309
250097,01-OCT-15,30-SEP-16,As Submitted,98697230,100015521,208826841
250099,01-OCT-15,30-SEP-16,As Submitted,89622006,145613191,178395021
250100,01-OCT-15,30-SEP-16,As Submitted,134697251,257272003,403602988
250104,01-OCT-15,30-SEP-16,As Submitted,123870366,227222500,265218507
250117,01-OCT-15,30-SEP-16,As Submitted,35346228,33491682,76045984
250138,01-OCT-15,30-SEP-16,As Submitted,102339435,356127548,641923363
250141,01-OCT-15,30-SEP-16,As Submitted,240637158,618397695,638701835
250162,01-OCT-15,30-SEP-16,As Submitted,29362856,25286972,61204995
251304,01-OCT-15,30-SEP-16,As Submitted,,23547955,16325708
251305,01-OCT-15,30-SEP-16,As Submitted,,4332732,9762640
251307,01-OCT-15,30-SEP-16,As Submitted,,11441758,12141333
251308,01-OCT-15,30-SEP-16,As Submitted,,14186755,39100532
251309,01-OCT-15,30-SEP-16,As Submitted,,8352729,23877627
251312,01-OCT-15,30-SEP-16,As Submitted,,9311921,15875098
251324,01-OCT-15,30-SEP-16,As Submitted,,4229052,17263858
251325,01-OCT-15,30-SEP-16,As Submitted,18075200,13931689,25736554
251326,01-OCT-15,30-SEP-16,As Submitted,13383042,7185439,11073498
251329,01-OCT-15,30-SEP-16,As Submitted,,2125737,4889719
251331,01-OCT-15,30-SEP-16,As Submitted,,12719960,12682483
251333,01-OCT-15,30-SEP-16,As Submitted,,13520943,15496572
251334,01-OCT-15,30-SEP-16,As Submitted,,12395988,13141662
251337,01-OCT-15,30-SEP-16,As Submitted,13881372,13249060,18995172
252012,01-OCT-15,02-AUG-16,As Submitted,10928081,56149680,
260025,01-OCT-15,30-SEP-16,As Submitted,92246560,142719117,153394494
260057,01-OCT-15,30-SEP-16,As Submitted,47567874,39693295,103076063
260094,01-OCT-15,30-SEP-16,As Submitted,127321750,220853093,375844327
260113,01-OCT-15,30-SEP-16,As Submitted,82653170,122260550,175754712
260190,01-OCT-15,30-SEP-16,As Submitted,74413434,222611427,245868121
260207,01-JAN-16,01-AUG-16,As Submitted,14252493,6194049,77329930
261302,01-OCT-15,30-SEP-16,As Submitted,18704680,8833696,20917940
261320,01-OCT-15,30-SEP-16,As Submitted,,26664309,76081081
261327,01-NOV-15,31-OCT-16,As Submitted,,10637520,35567092
261328,01-APR-16,30-JUN-16,As Submitted,,967868,4101877
261329,01-OCT-15,30-SEP-16,As Submitted,,14141860,81628342
261334,01-OCT-15,30-SEP-16,As Submitted,,2722544,9543091
261339,01-JAN-16,10-MAR-16,As Submitted,,223264,1524982
271315,01-OCT-15,30-SEP-16,As Submitted,,180,73890
271329,01-OCT-15,30-SEP-16,As Submitted,,1754996,4745398
271337,01-OCT-15,30-SEP-16,As Submitted,,1577236,8072067
271339,01-OCT-15,30-SEP-16,As Submitted,,6912,199320
281319,01-OCT-15,30-SEP-16,As Submitted,17414408,6104017,16437948
281320,01-OCT-15,30-SEP-16,As Submitted,,6999648,16462461
281330,01-OCT-15,30-SEP-16,As Submitted,,1913862,2070994
281334,01-OCT-15,30-SEP-16,As Submitted,,7986377,26921216
281336,01-OCT-15,30-SEP-16,As Submitted,34431478,21602092,32206058
281339,01-OCT-15,30-SEP-16,As Submitted,,6144902,28159392
281341,01-OCT-15,30-SEP-16,As Submitted,,5930022,19166261
281364,01-OCT-15,30-SEP-16,As Submitted,,18539115,76846143
281365,01-OCT-15,30-SEP-16,As Submitted,,7201304,14946539
290002,01-APR-16,18-MAY-16,As Submitted,1346671,541941,1710556
291313,12-OCT-15,31-DEC-15,Amended,,7322730,18304300
294003,01-NOV-15,31-OCT-16,As Submitted,10892396,31531462,1767640
300001,01-OCT-15,30-SEP-16,As Submitted,374934084,455995569,579429448
300005,01-OCT-15,30-SEP-16,As Submitted,140715661,181339066,208445742
300014,01-OCT-15,30-SEP-16,As Submitted,113369493,90658219,225203208
300020,01-OCT-15,30-SEP-16,As Submitted,171536324,197698628,318099785
300023,01-OCT-15,30-SEP-16,As Submitted,177090746,156441165,368110324
301300,01-OCT-15,30-SEP-16,As Submitted,,4607698,23436006
301301,01-OCT-15,30-SEP-16,As Submitted,,12634818,34695769
301302,01-OCT-15,30-SEP-16,As Submitted,,30372726,95374006
301303,01-OCT-15,30-SEP-16,As Submitted,,11193922,58987953
301305,01-OCT-15,30-SEP-16,As Submitted,,30026678,52974346
301306,01-OCT-15,30-SEP-16,As Submitted,31318491,18224263,51127152
301307,01-OCT-15,30-SEP-16,As Submitted,,27779917,74149025
301308,01-OCT-15,30-SEP-16,As Submitted,,6540862,42964881
301309,01-OCT-15,30-SEP-16,As Submitted,,20087278,101928022
301310,01-JAN-16,30-SEP-16,As Submitted,,15631222,45830299
301312,01-OCT-15,30-SEP-16,As Submitted,,16008510,67630356
310050,01-OCT-15,31-DEC-15,As Submitted,60431689,159165120,106235638
310064,01-JAN-16,30-JUN-16,As Submitted,269103699,1037722879,713540919
320018,01-OCT-15,30-SEP-16,As Submitted,166850037,378401819,491767878
330084,01-JAN-16,30-SEP-16,As Submitted,50680981,32821147,90761277
330140,01-JAN-16,30-JUN-16,As Submitted,261529687,421450558,245508251
330250,01-OCT-15,30-SEP-16,As Submitted,261412991,337130333,491721778
330277,01-JAN-16,30-JUN-16,As Submitted,42299001,41186087,140180168
331302,01-OCT-15,30-SEP-16,As Submitted,,6929705,35846013
340010,01-OCT-15,30-JUN-16,As Submitted,157162290,171708717,242749252
340106,01-OCT-15,30-SEP-16,As Submitted,24983957,53300706,99003760
340116,01-JAN-16,30-SEP-16,As Submitted,138460658,424996015,438943133
340119,01-JAN-16,29-FEB-16,As Submitted,13082244,17840053,40618177
340129,01-OCT-15,30-SEP-16,As Submitted,91926540,242447960,396748775
340144,01-OCT-15,30-SEP-16,As Submitted,48420468,119160330,197190581
340189,22-DEC-15,30-JUN-16,As Submitted,1911354,1661379,
341314,01-OCT-15,30-SEP-16,As Submitted,,4890889,24549968
351307,01-OCT-15,30-SEP-16,As Submitted,,2357676,7064712
351316,01-OCT-15,30-SEP-16,As Submitted,,1395529,7884872
351327,01-OCT-15,30-SEP-16,As Submitted,14503243,11092908,4659478
354004,01-OCT-15,30-SEP-16,As Submitted,23699075,55504499,19667927
360046,01-JAN-16,30-JUN-16,As Submitted,23036892,15989609,45170361
360121,01-OCT-15,30-SEP-16,As Submitted,57139584,35741675,84399282
360147,01-OCT-15,30-SEP-16,As Submitted,294630758,319525743,729844753
360211,01-JAN-16,30-JUN-16,As Submitted,91391695,113658293,181061107
360212,01-JAN-16,06-FEB-16,As Submitted,9095364,9427179,12444057
360361,01-OCT-15,30-SEP-16,As Submitted,19335321,7208793,79092432
361319,01-OCT-15,30-SEP-16,As Submitted,41503690,55306824,43018268
361327,01-OCT-15,30-SEP-16,As Submitted,,9514768,9758971
362023,01-NOV-15,31-OCT-16,As Submitted,15900419,93972079,12874
362026,01-JUN-16,31-AUG-16,As Submitted,8587082,18245584,
362032,01-OCT-15,30-SEP-16,As Submitted,6443120,14285812,
363034,01-OCT-15,30-SEP-16,As Submitted,24274368,47042291,
363038,09-JAN-16,31-AUG-16,As Submitted,11729675,15465739,
363040,29-APR-16,31-MAY-16,As Submitted,796284,1151476,
364047,01-OCT-15,30-SEP-16,As Submitted,10435081,38050500,
364055,13-MAY-16,30-JUN-16,As Submitted,2680544,698738,
370007,01-JAN-16,27-APR-16,As Submitted,1708625,516741,2382163
370014,01-OCT-15,30-SEP-16,As Submitted,60271893,389834852,405796757
370018,01-OCT-15,30-SEP-16,As Submitted,104136265,108035064,258409683
370025,01-OCT-15,30-SEP-16,As Submitted,115351120,255485568,212181926
370039,01-NOV-15,31-OCT-16,As Submitted,45643664,81894265,169939777
370040,01-JUL-16,19-SEP-16,As Submitted,4676423,3311345,7427515
370051,01-OCT-15,31-MAR-16,As Submitted,2025683,1425021,3577885
370057,01-OCT-15,30-SEP-16,As Submitted,23979394,7453637,42009631
370114,01-OCT-15,30-SEP-16,As Submitted,477000332,1060490886,718436586
370166,01-OCT-15,30-SEP-16,As Submitted,16961139,21027398,21101948
370169,01-JAN-16,24-MAY-16,As Submitted,1637770,244352,2861410
371301,01-OCT-15,30-SEP-16,As Submitted,,1759935,11024050
371305,01-OCT-15,30-SEP-16,As Submitted,,1914484,5829605
371309,01-OCT-15,30-SEP-16,As Submitted,,4011860,6186212
371311,01-OCT-15,30-SEP-16,As Submitted,,1241551,2350240
371312,01-OCT-15,30-SEP-16,As Submitted,,13836324,56383466
371314,01-OCT-15,30-SEP-16,As Submitted,,4473625,24377939
371316,01-OCT-15,30-SEP-16,As Submitted,,3207281,8856065
371318,01-OCT-15,30-SEP-16,As Submitted,,4310016,8384823
371323,01-OCT-15,30-SEP-16,As Submitted,,6746681,26700245
371324,01-OCT-15,30-SEP-16,As Submitted,,1445448,2490074
371331,01-OCT-15,30-SEP-16,As Submitted,,8347549,17314774
371333,01-OCT-15,30-SEP-16,As Submitted,,2221685,19327987
371335,01-OCT-15,30-SEP-16,As Submitted,,7538225,13935442
372021,01-JUN-16,19-AUG-16,As Submitted,2948613,5333514,
372023,01-OCT-15,30-SEP-16,As Submitted,1328160,3351520,
373026,01-OCT-15,30-SEP-16,As Submitted,8369600,11102683,2265338
380002,01-OCT-15,30-SEP-16,As Submitted,141231024,241495936,248230705
380021,01-OCT-15,30-JUN-16,As Submitted,118003711,96075606,204462033
380029,01-OCT-15,30-SEP-16,As Submitted,82432296,72363998,113492706
380050,01-OCT-15,30-SEP-16,As Submitted,180323429,229437320,303692866
380051,01-OCT-15,30-JUN-16,As Submitted,433158009,556618270,465363309
381308,01-OCT-15,30-JUN-16,As Submitted,,935142,36588665
391315,01-NOV-15,30-JUN-16,Amended,34042196,26249995,71729540
400010,01-OCT-15,30-SEP-16,As Submitted,12216487,615189,14916967
400016,01-OCT-15,30-SEP-16,As Submitted,206892082,240338083,151420943
400113,01-OCT-15,30-SEP-16,As Submitted,29039999,34211719,24002646
410001,01-OCT-15,30-SEP-16,As Submitted,130888995,93424220,175846188
410006,01-OCT-15,30-SEP-16,As Submitted,98388411,106715336,164969066
410007,01-OCT-15,30-SEP-16,As Submitted,923828640,1624685055,1521596219
410008,01-OCT-15,30-SEP-16,As Submitted,131761467,143923039,262959250
410009,01-OCT-15,30-SEP-16,As Submitted,280490474,461541963,435415338
410010,01-OCT-15,30-SEP-16,As Submitted,374744080,449099212,442177977
410012,01-OCT-15,30-SEP-16,As Submitted,339459661,589995472,632433877
410013,01-OCT-15,30-SEP-16,As Submitted,68455872,60818006,149213474
414000,01-OCT-15,30-SEP-16,As Submitted,72407861,130982003,29193973
420010,01-OCT-15,30-SEP-16,As Submitted,68684816,215944284,238747659
420011,01-OCT-15,31-DEC-15,As Submitted,3811146,3207739,13499876
420019,01-OCT-15,30-SEP-16,As Submitted,24546627,37762468,93016463
420020,01-OCT-15,30-SEP-16,As Submitted,103498368,132775449,331612288
420069,01-OCT-15,12-JUL-16,As Submitted,38087142,25753280,68051084
420070,01-OCT-15,31-DEC-15,As Submitted,45254353,63190532,86878985
420072,01-OCT-15,30-SEP-16,As Submitted,20066435,11442195,45081273
420098,01-OCT-15,30-SEP-16,As Submitted,133057824,252098118,268896925
421301,01-OCT-15,30-SEP-16,As Submitted,,9236358,55172155
431325,01-OCT-15,30-SEP-16,As Submitted,,7543809,24257044
440016,01-OCT-15,30-SEP-16,As Submitted,15992885,22093122,41448124
440033,01-OCT-15,30-SEP-16,As Submitted,47189364,91216123,206425137
440035,01-OCT-15,30-SEP-16,As Submitted,121983165,444846463,539489952
440048,01-OCT-15,30-SEP-16,As Submitted,582221701,1749327293,1071340103
440051,01-FEB-16,17-MAY-16,As Submitted,5212777,803686,14804149
440056,01-OCT-15,30-SEP-16,As Submitted,30832246,55590200,162657609
440068,01-OCT-15,30-SEP-16,As Submitted,51365452,88835620,250209154
440120,01-OCT-15,30-SEP-16,As Submitted,360849725,1167145800,1414624392
440130,01-OCT-15,30-SEP-16,As Submitted,38402167,52998208,148461914
440131,01-OCT-15,30-SEP-16,As Submitted,75810414,24947959,307382333
440147,01-OCT-15,31-MAR-16,As Submitted,959328,,230688
440153,01-OCT-15,30-SEP-16,As Submitted,26882530,57161278,135446824
440189,01-OCT-15,30-SEP-16,As Submitted,67300435,420028829,297564124
441301,01-OCT-15,30-SEP-16,As Submitted,,6953586,20700167
441305,01-OCT-15,30-SEP-16,As Submitted,,7286533,19447840
441314,01-OCT-15,30-SEP-16,As Submitted,,7538703,42582133
441318,01-JAN-16,25-JUN-16,As Submitted,,2645235,10739741
442010,01-OCT-15,30-SEP-16,As Submitted,13414194,51694490,22466
442014,01-DEC-15,30-NOV-16,As Submitted,17058036,59445709,
443033,01-OCT-15,30-SEP-16,As Submitted,8033716,15357337,
450015,01-OCT-15,30-SEP-16,As Submitted,1266238056,2257419214,3380216272
450024,01-OCT-15,30-SEP-16,As Submitted,290759101,486884338,505803617
450029,01-OCT-15,30-SEP-16,As Submitted,178416079,1001899098,729186334
450032,01-OCT-15,30-SEP-16,As Submitted,58672707,111680167,193864844
450037,01-OCT-15,30-SEP-16,As Submitted,224052483,709406244,671152950
450039,01-OCT-15,30-SEP-16,As Submitted,699529618,1035991283,1155355623
450055,01-OCT-15,30-SEP-16,As Submitted,29685358,13667879,43771670
450080,01-OCT-15,30-SEP-16,As Submitted,55203200,53986849,103875458
450085,01-OCT-15,30-SEP-16,As Submitted,20600611,11462856,37828283
450090,01-OCT-15,30-SEP-16,As Submitted,33466869,30856665,68181152
450104,01-OCT-15,30-SEP-16,As Submitted,83484686,97740140,170239789
450108,01-OCT-15,30-SEP-16,As Submitted,23419510,23517987,67527968
450132,01-OCT-15,30-SEP-16,As Submitted,243694559,510647520,418916590
450133,01-OCT-15,30-SEP-16,As Submitted,217682092,388839419,501286911
450135,01-OCT-15,30-SEP-16,As Submitted,659899221,2012313215,958385754
450137,01-OCT-15,30-SEP-16,As Submitted,308675248,642873750,355694996
450144,01-OCT-15,30-SEP-16,As Submitted,40688247,12694145,38101380
450147,01-OCT-15,30-SEP-16,As Submitted,132542842,687197061,722745732
450148,01-OCT-15,30-SEP-16,As Submitted,59397995,139649950,151398663
450152,01-OCT-15,30-SEP-16,As Submitted,95845694,175440002,278988422
450155,01-OCT-15,30-SEP-16,As Submitted,24539491,7730640,24928123
450176,01-OCT-15,30-SEP-16,As Submitted,103552220,293926730,205622680
450221,01-JUL-16,31-AUG-16,As Submitted,5043350,2298859,7791932
450236,01-OCT-15,11-JUL-16,As Submitted,39731756,32400744,55765305
450299,01-OCT-15,30-SEP-16,As Submitted,81408095,355874792,342805832
450351,01-OCT-15,30-SEP-16,Amended,40345039,59893243,115020560
450352,01-OCT-15,30-SEP-16,As Submitted,119792805,153976489,249500148
450369,01-OCT-15,30-SEP-16,As Submitted,25498976,14196728,38021497
450399,01-OCT-15,30-SEP-16,As Submitted,16988770,5880961,21181531
450419,01-OCT-15,30-SEP-16,As Submitted,31263253,40895934,94295531
450451,01-OCT-15,30-SEP-16,As Submitted,14261820,8234057,36628524
450465,01-OCT-15,30-SEP-16,As Submitted,46271444,46146970,98526889
450475,01-OCT-15,30-SEP-16,As Submitted,28941888,56533098,147731127
450498,01-OCT-15,30-SEP-16,As Submitted,9349055,1942175,16010458
450565,01-OCT-15,30-SEP-16,As Submitted,38597840,36176674,77942573
450571,01-OCT-15,30-SEP-16,As Submitted,206164914,491383953,544646692
450584,01-OCT-15,30-SEP-16,As Submitted,15229811,6436019,35449103
450587,01-OCT-15,30-SEP-16,As Submitted,58903189,130667731,219196698
450597,01-OCT-15,30-SEP-16,As Submitted,31029931,11633897,52982862
450620,01-OCT-15,30-SEP-16,As Submitted,19627778,7005340,34313293
450639,01-OCT-15,30-SEP-16,As Submitted,225186778,553041459,405041523
450654,01-OCT-15,30-SEP-16,As Submitted,27312475,14600514,28571970
450661,01-OCT-15,30-SEP-16,As Submitted,105925551,381483100,323194250
450678,01-JAN-16,31-MAY-16,As Submitted,47119254,194415695,151379012
450697,01-OCT-15,30-SEP-16,As Submitted,106170210,402628978,254078533
450698,01-OCT-15,30-SEP-16,As Submitted,9816678,3276035,8231161
450702,01-OCT-15,30-SEP-16,As Submitted,154070998,755352985,800453801
450711,01-OCT-15,30-SEP-16,As Submitted,183688266,1064380354,745955399
450730,01-OCT-15,30-SEP-16,As Submitted,129892544,216090052,202643974
450746,01-OCT-15,30-SEP-16,As Submitted,6640744,706834,7252296
450754,01-OCT-15,30-SEP-16,As Submitted,22496914,12062223,40273974
450775,01-OCT-15,30-SEP-16,As Submitted,245569046,1571766795,866146917
450779,01-OCT-15,30-SEP-16,As Submitted,212117983,615102186,333500049
450848,01-OCT-15,30-SEP-16,As Submitted,136679464,193919255,395121512
451300,01-OCT-15,30-SEP-16,As Submitted,,2701310,8435173
451301,01-OCT-15,30-SEP-16,As Submitted,,1432377,3799482
451303,01-OCT-15,30-SEP-16,As Submitted,,6796691,30887909
451306,01-OCT-15,30-SEP-16,As Submitted,,668109,7366246
451309,01-OCT-15,30-SEP-16,As Submitted,,1761703,3717171
451310,01-OCT-15,30-SEP-16,As Submitted,,2520438,11419325
451311,01-OCT-15,30-SEP-16,As Submitted,,1791674,19813639
451318,01-OCT-15,30-SEP-16,As Submitted,,1524511,5464107
451320,01-OCT-15,30-SEP-16,As Submitted,,1283028,17077532
451323,01-OCT-15,30-SEP-16,As Submitted,,11180745,35205470
451325,01-OCT-15,30-SEP-16,As Submitted,,676663,3434680
451329,01-OCT-15,30-SEP-16,As Submitted,,1056971,2560183
451330,01-OCT-15,30-SEP-16,As Submitted,,7777409,38986339
451337,01-OCT-15,30-SEP-16,As Submitted,,3393514,10077033
451340,01-OCT-15,30-SEP-16,As Submitted,,481068,2597638
451341,01-OCT-15,30-SEP-16,As Submitted,,1376177,6127508
451342,01-OCT-15,30-SEP-16,As Submitted,,3512589,13778885
451343,01-OCT-15,30-SEP-16,As Submitted,,7068394,15185859
451344,01-OCT-15,30-SEP-16,As Submitted,,2307278,7542932
451347,01-OCT-15,30-SEP-16,As Submitted,,6734672,12444407
451350,01-MAY-16,30-SEP-16,As Submitted,,604872,2731070
451351,01-OCT-15,30-SEP-16,As Submitted,,3765495,8607714
451353,01-OCT-15,30-SEP-16,As Submitted,,946618,4600889
451355,01-OCT-15,30-SEP-16,As Submitted,,1736440,4480507
451358,01-OCT-15,30-SEP-16,As Submitted,,9357074,22827960
451359,01-OCT-15,30-SEP-16,As Submitted,,7958715,15707265
451362,01-OCT-15,30-SEP-16,As Submitted,,1484158,9602841
451363,01-OCT-15,30-SEP-16,As Submitted,,1527910,16859586
451366,01-OCT-15,30-SEP-16,As Submitted,,96796,752901
451372,01-OCT-15,30-SEP-16,As Submitted,,2059097,8602449
451375,01-OCT-15,30-SEP-16,As Submitted,,1791496,15932720
451378,01-OCT-15,30-SEP-16,As Submitted,,21016945,37553035
452022,01-JAN-16,31-DEC-16,As Submitted,15097800,30266093,
452049,01-JUN-16,15-OCT-16,As Submitted,6964766,21981405,
452073,01-MAY-16,27-JUN-16,As Submitted,2603555,11551767,
452099,01-APR-16,07-JUL-16,As Submitted,4350804,9724053,
452106,01-OCT-15,30-SEP-16,As Submitted,13834587,64708305,
452116,01-JUN-16,14-JUL-16,As Submitted,975449,1058382,
453044,01-JUN-16,09-AUG-16,As Submitted,2420935,3406692,989997
453048,01-JAN-16,31-MAY-16,As Submitted,4735067,6677761,2519
453300,01-OCT-15,30-SEP-16,As Submitted,,996234773,693728345
453304,01-OCT-15,30-SEP-16,As Submitted,,2389452848,1522490945
453313,01-OCT-15,30-SEP-16,As Submitted,,144476453,140846339
453314,01-OCT-15,30-SEP-16,As Submitted,,51337347,66361922
454105,01-JAN-16,21-JUL-16,As Submitted,5190911,10532390,692175
454137,23-OCT-15,31-DEC-15,As Submitted,1726308,679668,
454138,09-MAR-16,30-APR-16,As Submitted,972135,608687,
460042,01-OCT-15,30-SEP-16,As Submitted,62339735,159933664,163199698
461310,01-OCT-15,30-SEP-16,As Submitted,,5140138,28783581
470001,01-OCT-15,30-SEP-16,As Submitted,136828877,85512019,237146120
470003,01-OCT-15,30-SEP-16,As Submitted,824304351,741562217,1206283049
470005,01-OCT-15,30-SEP-16,As Submitted,201470160,177861664,257051708
470011,01-OCT-15,30-SEP-16,As Submitted,58695904,27702889,100923300
470012,01-OCT-15,30-SEP-16,As Submitted,117148042,58041114,206839748
470024,01-OCT-15,30-SEP-16,As Submitted,76291549,40046091,103696642
471300,01-OCT-15,30-SEP-16,As Submitted,,7597258,16834070
471301,01-OCT-15,30-SEP-16,As Submitted,,29404258,71639690
471302,01-OCT-15,30-SEP-16,As Submitted,37769654,24144564,47391361
471303,01-OCT-15,30-SEP-16,As Submitted,,32978345,99892057
471304,01-OCT-15,30-SEP-16,As Submitted,,27453890,118969860
471305,01-OCT-15,30-SEP-16,As Submitted,,31387595,62696876
471306,01-OCT-15,30-SEP-16,As Submitted,42655568,26408437,83605034
471307,01-OCT-15,30-SEP-16,As Submitted,,34362143,92196684
480001,01-OCT-15,30-SEP-16,As Submitted,,81953491,58283942
480002,01-OCT-15,30-SEP-16,As Submitted,,84969930,66488410
490002,01-OCT-15,30-SEP-16,As Submitted,20691363,44315710,59523799
490005,01-OCT-15,30-SEP-16,As Submitted,457246601,678431546,690580450
500044,01-OCT-15,30-SEP-16,As Submitted,221241953,729036509,548012637
500119,01-OCT-15,30-SEP-16,As Submitted,100129858,268046475,314947005
501992,01-OCT-15,30-SEP-16,As Submitted,,776235,
503300,01-OCT-15,30-SEP-16,As Submitted,,1404216867,625389333
510007,01-OCT-15,30-SEP-16,As Submitted,357733086,596066473,503404363
510012,01-OCT-15,30-SEP-16,As Submitted,49727805,45565853,117363651
510013,01-OCT-15,30-SEP-16,As Submitted,28375274,28050492,42254782
510029,01-OCT-15,30-SEP-16,As Submitted,165384305,218964259,304375042
510031,01-OCT-15,30-SEP-16,As Submitted,77693217,42827129,195697330
510038,01-OCT-15,30-SEP-16,As Submitted,38163546,23544900,70885561
510048,01-OCT-15,30-SEP-16,As Submitted,70798596,136619770,204305718
510050,01-OCT-15,30-SEP-16,As Submitted,241689898,225180738,445995943
510055,01-OCT-15,30-SEP-16,As Submitted,429449999,760300556,773749886
510077,01-OCT-15,30-SEP-16,As Submitted,18217016,15759834,49173615
511306,01-OCT-15,30-SEP-16,As Submitted,27184350,8817389,49757047
511320,01-OCT-15,30-SEP-16,As Submitted,,6818942,54836588
511321,01-OCT-15,30-SEP-16,As Submitted,33784417,11046720,70143459
514001,01-OCT-15,30-SEP-16,As Submitted,8417502,15465554,3314
520008,01-OCT-15,30-SEP-16,As Submitted,383571395,519343312,805396220
520011,01-OCT-15,30-SEP-16,As Submitted,64913415,39156859,118377721
520049,01-OCT-15,30-SEP-16,As Submitted,239572960,286554506,466075634
520062,01-OCT-15,30-SEP-16,As Submitted,84325861,100221994,146478460
520071,01-OCT-15,30-SEP-16,As Submitted,83357354,47327766,164568387
520109,01-OCT-15,30-SEP-16,As Submitted,63926033,36073660,116127991
521302,01-OCT-15,30-SEP-16,As Submitted,,10398329,21250799
521310,01-OCT-15,30-JUN-16,As Submitted,,8268494,38499997
521314,01-OCT-15,30-SEP-16,As Submitted,,12214780,36113461
521315,01-OCT-15,30-SEP-16,As Submitted,,15793866,73661143
521331,01-OCT-15,30-SEP-16,As Submitted,18834177,8413584,22871799
521338,01-OCT-15,30-SEP-16,As Submitted,,19490872,48484632
521343,01-OCT-15,30-SEP-16,As Submitted,31183268,20926168,57379477
521347,01-OCT-15,30-SEP-16,As Submitted,,6777852,43483044
521348,01-OCT-15,30-SEP-16,As Submitted,,30188028,74687526
521351,01-OCT-15,30-SEP-16,As Submitted,,17708832,78658767
521352,01-OCT-15,30-SEP-16,As Submitted,41343912,23600350,77521636
521356,01-OCT-15,30-SEP-16,As Submitted,,1997545,25481415
521359,01-OCT-15,30-SEP-16,As Submitted,53652137,27269283,79975772
523028,26-OCT-15,31-DEC-15,Amended,3038090,3391134,
524038,01-OCT-15,30-SEP-16,As Submitted,16422517,18753335,19056920
533027,01-JAN-16,31-MAY-16,As Submitted,5623717,9637000,264698
650001,01-OCT-15,30-SEP-16,As Submitted,93445559,110515683,21061971
660001,01-OCT-15,30-SEP-16,As Submitted,,15000,12000
670079,01-APR-16,31-AUG-16,As Submitted,45143194,92442067,56012417
670089,01-JAN-16,01-OCT-16,As Submitted,4295532,160951,4577286
670112,23-JAN-16,31-AUG-16,As Submitted,19167927,15864963,19769110
673033,01-JAN-16,02-MAY-16,Amended,5672866,5432458,
673038,01-OCT-15,30-SEP-16,As Submitted,22704850,24302017,43661457
673050,01-OCT-15,30-SEP-16,Amended,19253309,38776772,1346147
